TV,Radio,Newspaper,Sales
112.36203565420875,32.10158230771439,12.374864260311913,13.30497028102673
285.21429192297484,4.206998249752441,108.306348801548,16.06979702610632
219.59818254342153,8.081435704730689,60.63028469374286,14.443962662405697
179.59754525911097,44.927709426353964,99.17489593292899,19.006316897631013
46.80559213273096,30.321452982979498,38.40595212367341,10.224127805784754
46.798356100860794,0.4598525808314824,107.46278741954406,3.9757075760172
17.42508365045984,5.0735771433016055,46.704201448099575,7.712973906786594
259.85284373248055,33.17508845540279,1.3005181776358032,20.894296168776133
180.33450352296265,0.25307919231093434,108.64583717031164,10.702538606709744
212.42177333881364,8.040402570874933,10.954401214336027,14.097574192666292
6.175348288740734,27.436689468329305,38.31763651084978,8.479912857231449
290.9729556485983,34.59475988463466,114.00743604609659,23.321354942274986
249.7327922401265,32.59806297513003,114.07285763250673,22.319566872221902
63.701733203482846,11.21346547302799,68.81254657479434,9.433658119581228
54.54749016213019,35.6089610673768,75.82046546037591,12.038882203959187
55.02135295603014,11.862454374840004,53.81346263739837,7.022859023396322
91.27267288786132,16.269984907963387,35.18529260376774,9.80054264185665
157.42692948967135,37.32457025590121,39.439745444389914,13.990641585555977
129.58350559263474,32.48164495236073,80.70221472924462,13.361822296135328
87.36874205941257,42.4611705247089,90.2849435325216,17.87698833410735
183.55586841671385,32.88064461501717,94.98948524710183,20.753489424478502
41.84815819561255,28.415430166773582,94.75417713534647,10.640240864176176
87.64339456056544,4.683738391404624,10.944732365842844,8.354983201748448
109.90855298810752,18.385790152971676,59.33043656430978,12.183222512517576
136.82099526511078,13.260118384086272,6.907051201997314,15.996360188450069
235.55278841790408,12.199482168954178,65.94346587884826,17.878568938536866
59.90213464750792,48.65052773762228,52.983660164805244,15.263661821089213
154.27033152408347,19.65488623333802,106.52450193099597,13.00507652366068
177.72437065861274,44.602327758855665,42.10980150624944,17.429490766084843
13.935123815999317,31.556931299863145,14.048041971312703,9.884142705206559
182.26345557043152,39.74056517708242,17.159001846340303,17.687032436622847
51.15723710618746,25.131854655259605,91.38127580609667,8.608878794494814
19.515477895583857,28.845194231317954,74.18616759795133,8.919237701180588
284.66566117599996,24.625884690943195,12.134721134734828,18.734156897034396
289.6896099223678,9.762149389902225,10.092816733799692,20.12010294443384
242.51920443493833,36.12260576307526,84.1162957750944,22.801507945362395
91.3841307520112,14.03861812204279,8.731560763703223,9.495366153911169
29.30163420191516,1.215798321572692,98.62320711484274,7.267881482884187
205.26990795364708,32.27361479535839,84.74906725877955,19.155411951045018
132.0457481218804,8.855533970352447,9.761853677027972,9.018857694332992
36.61147045343365,47.02292921764572,10.18052569022303,15.938593386740376
148.55307303338105,47.696428850129365,118.39674942014105,20.71650661625642
10.316556334565519,45.743219511022424,44.912495490734436,11.006144660677592
272.79612062363464,18.50793501277222,44.47705764802691,18.63667498997286
77.63399448000507,0.7728308264433714,97.5359480709003,5.81002801752077
198.75668530619458,46.415928129386266,113.66982928606305,19.789735161070134
93.51332282682328,21.409207415865716,118.32012765874451,13.562408608265098
156.02040635334325,48.33274095218348,90.40538223107299,22.95564525935307
164.01308380298389,48.18099885446264,45.151150263709894,17.87044868393519
55.45633665765811,42.650472773368,10.020086003840252,14.470284419342475
290.8753883293676,14.722444603479284,93.25762991129241,18.490493840947583
232.53984700833436,19.254886430096263,67.00850996829661,16.75466742543022
281.8496824692567,42.556833575842845,50.90664110963716,23.315077951023188
268.44820512829466,15.846100257813884,108.76252621136831,17.541028389929995
179.36999364332553,8.474637334304624,13.343697876738162,12.472796601495196
276.562270506935,27.840063122917506,59.1150125149031,19.85803974792805
26.54775061557585,46.80773870803905,1.3624373720902883,13.475506131699385
58.79485872574356,34.80148983374865,56.23927703929515,12.593102215627436
13.56818667316142,28.50305850446825,6.756393081820482,8.520321961704505
97.5990992289793,4.8588246885384265,14.25814995216863,6.644960409471043
116.6031869068446,30.750361334958487,14.103149613252587,13.173090178079729
81.40470953216877,49.50269250521316,77.90523625392763,17.97588963126814
248.6212527455788,7.004200761826201,89.5253855118508,16.735426162471366
107.02599800807678,25.916482618186837,70.00425181165916,11.733176084919588
84.28035290621423,43.86865359639777,115.46070581694504,16.369952116372485
162.80882494747453,37.03843088771022,44.98446954284449,18.81100868066453
42.27726749242879,34.8507870497634,34.285450353823286,9.21138102896815
240.6590942262119,35.12420419935546,104.23189538273523,22.211859322447882
22.365193103931247,17.97455756098776,26.831500622334318,6.375724569679031
296.06608098015516,14.679592213224668,115.58670473287336,20.77065713697039
231.67343078899722,40.46805777392568,1.458536962777961,19.888612575104016
59.61470446025172,40.50566973395904,116.38545920491669,11.740327088555526
1.6566351370807197,43.35361592900519,5.179189434069134,8.855750004485618
244.63842853645025,45.66202762782356,106.93717364376853,23.78263396613473
212.05720315428513,25.56711994304689,63.324133090355986,18.17882321403799
218.7021504122962,25.07581473435998,119.15577553431604,17.191842533111874
231.38110400578373,39.91475894833876,8.855587768247863,21.941546035776557
22.21339552022711,32.49819653888826,66.46251412815849,8.171587154066017
107.53971856328178,35.098343862885166,116.31630427429188,15.422999452696658
34.760717857538914,39.789633471805054,62.77174130041786,10.833352111310756
258.93102776267807,44.50026709087832,75.52783657623151,22.829473871555255
186.98943804826737,16.89975784257679,83.48984267815406,15.200472714443551
99.26940745579475,18.7791476319972,54.54492777213279,9.977782091705603
19.067505085807092,4.69909699204345,75.3069696100876,4.474093507026147
93.29469651469866,28.9140070498087,70.11771743077203,14.69167914125256
97.55499660802411,1.7971136898371043,108.13896125891868,7.465449393632969
218.88185350141922,23.27990090662301,5.4535656409749445,18.31373741339593
191.26724140656393,27.13223173537883,33.715582751067636,15.176067755895396
266.16382277289796,14.32706260641422,114.04937808918704,19.277984593828048
141.66447754858478,29.541663028450536,106.83165406690996,18.013903567032372
35.87827378149051,1.5250124969524714,54.67881033428555,1.258846172709489
213.9734361668985,1.8674094374607209,74.41591173618441,12.051102749158705
228.23551458506924,41.13002803298291,33.28574195773592,22.19506937327287
168.38315927084886,18.009532070563143,22.57453916685136,13.600325893904852
231.2901539863683,6.353025632594239,55.64380859279786,15.291818951890365
148.13867890931724,26.112163002740218,42.40226736312634,13.906718045024853
156.81984881459823,38.499677654930544,70.03873342210466,18.087100743073428
128.2623055075649,10.791051374842159,9.328156435798181,10.289779734078714
7.625738023228557,31.144523790950014,116.92737691993997,11.993009830924398
32.367428097991336,4.2673732496884,118.34528933755234,6.375093072674634
9.428755706020276,2.584086058430385,83.77940568236941,4.785309268393487
190.92312337913413,26.5677315784074,64.33156396129445,16.430587058171756
94.306794322898,27.031756080505325,37.14331395435933,11.790180764066328
152.57120734941083,31.871495074910328,97.65540236483385,16.067720087624462
272.2699421778279,36.30456668613308,82.16774070646551,23.42641635586097
74.78766874466248,48.79260397312673,19.514032721386954,15.187629494118635
123.11487691068892,25.815017415059767,109.31126213926109,14.730947850730185
226.6653415629146,16.1478236470623,98.70446915078028,20.029650989219576
68.63944964748674,39.759309738435185,113.97598959503088,15.987084132921789
23.093972948637898,13.541612563103712,87.08634100660319,6.629379407123718
86.92543587413041,21.948571035281805,73.60982351229478,13.339277939761093
48.366386176201324,3.9228190671132976,50.189164354874265,5.350829775368134
278.90929570277194,1.2675371707728755,111.92741800248159,13.366513118037348
242.43611386932508,48.132420733896254,103.927666740049,22.563256471923264
190.02112695312704,41.79900602561029,5.426240412742729,16.65882644060142
261.43817705631534,34.798710304684896,3.1640369396702406,20.72883017180591
241.10162306973433,20.447647220713495,45.17560402536595,17.918486091318734
55.97101766581075,8.664716003542289,97.26639969381995,10.238958961021064
267.76769954699336,7.8218521335543025,118.47313551779334,17.78903932214974
161.8026725746952,12.512144908229766,18.050026932423382,12.135398723618176
242.23204654921875,27.461333235306025,71.29568584225622,20.849773971973843
268.82738997704797,35.72979613500312,45.706902795722584,18.883557840413175
95.40104249155917,33.009868835886564,116.38972773775238,14.912339793837846
33.01557735830303,13.996694847297142,101.05427077628504,8.951880449176365
68.3805487625825,47.743264033159704,100.59944456533654,13.913892577931755
128.1323365878769,36.89484583478843,56.243179175396435,17.9229871699765
245.40442977674795,27.717702625570034,49.77834028051982,20.09226787911448
258.21917497690305,30.58603731171761,32.80884863168475,19.942226951769804
2.085639159357211,20.980003121389494,6.765059598111254,7.8066777815895145
153.22419077326973,12.386549475057873,103.76668515060639,16.316104618021367
125.22330094463369,17.798633932563078,97.5481210956093,12.943055922564968
66.63234314121908,37.892305523218454,119.96612079433567,14.648908633392411
35.95961020010484,0.7196744314877934,119.59642044886864,4.769040200480597
101.28455142108838,5.803632025345812,66.6518046723153,7.610282711544105
282.87291117375577,2.3001321010876374,92.27848982166125,17.85759604606952
96.96087960622657,2.0364401159485066,113.37188758589136,7.1201207424655095
155.63718652300983,42.77302920055036,101.95768688128938,19.1852054582875
210.90568766855336,35.18289296900118,29.68177220918372,18.607666090829298
109.0888807137882,23.70869145436626,54.06529623721122,13.40986062398542
291.5346248162882,4.891708032550074,15.499129818179398,17.2528841793552
288.7341884826334,24.58079375584162,114.48612327104668,23.11036838198414
75.53468874760925,23.673588539028284,72.7409561341056,10.596163664507007
149.17455176771563,8.660093495500758,27.437136660415526,10.814432492311454
90.2634929450309,21.692582461898652,80.60408212870281,10.238268922519689
85.45214831324029,19.92523671986867,74.1753888549475,10.405708016504855
11.06608420635984,30.792504902610823,42.97952616394086,10.152220771015045
182.86930019396905,31.75468254338219,13.626911063955482,18.351807053012624
150.80370696865845,2.265200488602226,80.58878347113595,9.161846759754997
15.443625374996806,18.73063073132356,62.436924108455194,8.86986740938261
83.59393927098343,31.29299578571182,92.67820700827671,15.480565282626813
272.4797657899961,25.156812929004385,62.41962013343921,21.037300602520645
71.86856720009173,42.824492059416116,102.26178003822481,18.1367954551067
43.46846162736693,32.93468158094725,66.22882065293827,10.544621497294985
146.8358280832689,8.146721354071484,67.31255658424635,9.543100045436734
295.6951362331802,3.528437370021492,105.1984323190014,14.895872554331003
72.61658145345012,32.12096391031578,48.41794394548764,14.920184854157064
201.64066422176356,1.3255655270810907,16.081827414076887,12.981309754067434
228.48588459861529,29.288779063673164,3.4539211576006768,18.590782824882645
71.2912631977199,47.01151207124788,90.61647068083428,16.436526904435045
218.46490458355788,28.77370889379395,74.43714616241576,17.14180037569549
110.33493981577597,19.408496310326097,84.48957217190683,15.860295244919445
189.69174917807385,32.16441092211766,25.55569938106929,17.91839966421039
190.0589132282684,22.912644524575832,16.364577070412373,15.962917962798707
160.73240522242753,27.280839465796745,1.7453598801458314,16.295229662818084
27.08693101632249,47.07324043882626,42.07050705679164,14.275778901672751
250.5907486767714,19.305131890038712,70.79012242255597,18.68133732910671
96.23401949152075,48.05952819119571,47.069285411967876,15.72741768630929
55.95555311995627,45.26753209780318,52.496990642847486,15.303678752091137
12.232542466429175,9.789556739464821,108.49904333924981,8.916402936987325
177.26788295647253,3.4680650437582727,41.790656042796044,13.606704371453345
203.26930855268472,5.038900068871333,61.678738699177295,15.661466225595948
4.976348678356846,0.9110912825774864,94.03836152893717,3.079714047684149
153.6279174897843,4.72214803779642,47.58513387855242,9.349130002997232
67.94873255938138,34.150338670817845,74.65040402734482,12.945584359459708
193.55183712283497,3.559432423011449,103.48364504960942,13.040142974059
52.309928701497434,15.948781514688065,113.94247483891705,10.824415120600593
207.28132143073978,42.24376554847273,17.648817711484554,17.914203806620453
116.02060389016123,1.1635967867912933,111.19051501937933,11.359877161800227
281.01899662102034,40.72342412944679,59.05395516954458,23.644067377662235
41.256283243797974,14.092738738669997,30.989326595875003,6.844652154742528
102.31990531507755,5.908241381082813,55.09629074859136,7.318850359990716
34.042056372176724,34.836858268207536,117.60390903425724,9.69301827293338
277.4080854835688,31.4471423389942,59.11417127914435,23.098689903293753
263.2018060142943,43.873600676352645,39.450193234500986,23.623280289041386
77.38248831454668,36.75355219019429,76.00810251800709,12.158062087761948
197.99521381025372,40.17404651924243,28.817474253383168,17.79015050974831
245.16666006036476,14.101728628565324,9.103599373039671,15.940204373224685
166.5602434798387,8.871977188986142,15.465566629277907,14.427794348616837
158.89517350680194,37.53073758204292,15.365500674932694,16.920698303918584
72.55568727013551,40.3417369633632,18.22832322147532,11.760922122366333
27.930830341769763,49.52525710003366,16.659260717929214,13.459916796436747
269.16472738599805,20.630883845571326,76.90496937638575,19.09855384062653
270.12541714899913,18.600904289639157,21.825610127897377,14.54875076649941
189.93043718198038,38.82064803709984,41.48007399886359,19.144357720821002
101.70893731461021,17.040177012650894,107.61460918872142,11.214681878261835
104.76287238379827,46.537866280178235,56.875396831544684,18.134966028842147
217.7867036610718,42.92063759215059,80.10692862252326,24.459032611821602
269.1330779857731,21.44970136875092,20.67838454419558,20.797560172873567
266.1259272795352,37.54355338957487,23.074682257040493,21.811791192232214
233.96266375728715,37.727143704234116,4.904233951977464,18.96300208633201
